Location,Address,City,State,Zip,MondayOpen,MondayClose,TuesdayOpen,TuesdayClose,WednesdayOpen,WednesdayClose,ThursdayOpen,ThursdayClose,FridayOpen,FridayClose,SaturdayOpen,SaturdayClose,SundayOpen,SundayClose,Mon - Fri,Saturday,Sunday,Phone,Email
Pure Hockey #104,3225 Alderwood Mall Blvd. Unit A,Lynnwood,WA,98036,1100,1900,1100,1900,1100,1900,1100,1900,1100,1900,900,1800,1000,1700,11am - 7pm,9am - 6pm,10am - 5pm,425-835-0131,lynnwood@purehockey.com
Pure Hockey #126,301 Tukwila Parkway unit B,Tukwila,WA,98188,1100,1900,1100,1900,1100,1900,1100,1900,1100,1900,900,1800,1000,1700,11am - 7pm,9am - 6pm,10am - 5pm,206-327-9424,tukwila@purehockey.com
Pure Hockey #90,1290 Tully Road Suite 50,San Jose,CA,95122,1100,1900,1100,1900,1100,1900,1100,1900,1100,1900,900,1800,1000,1700,11am - 7pm,9am - 6pm,10am - 5pm,408-550-7087,sanjose@purehockey.com
Pure Hockey #142,7220 West Lake Mead Blvd.,Las Vegas,NV,89128,1100,1900,1100,1900,1100,1900,1100,1900,1100,1900,900,1800,1000,1700,11am - 7pm,9am - 6pm,10am - 5pm,702-665-4387,store@purehockey.com
Pure Hockey #134,5031 Wagon Trail Ave #106,Las Vegas,NV,89118,1100,1900,1100,1900,1100,1900,1100,1900,1100,1900,900,1800,1000,1700,11am - 7pm,9am - 6pm,10am - 5pm,702-381-4886,vegas@purehockey.com
Pure Hockey #88,5993 South State Street,Murray,UT,84107,1100,1900,1100,1900,1100,1900,1100,1900,1100,1900,900,1800,1000,1700,11am - 7pm,9am - 6pm,10am - 5pm,801-281-2800,murray@purehockey.com
Pure Hockey #93,517 East Katella Ave,Anaheim,CA,92805,1100,1900,1100,1900,1100,1900,1100,1900,1100,1900,900,1800,1000,1700,11am - 7pm,9am - 6pm,10am - 5pm,714-300-0708,anaheim@purehockey.com
Pure Hockey #155,25252 McIntyre St. Suite C,Laguna Hills,CA,92653,1100,1900,1100,1900,1100,1900,1100,1900,1100,1900,900,1800,1000,1700,11am - 7pm,9am - 6pm,10am - 5pm,949-446-9103,laguna@purehockey.com
Pure Hockey #107,"1144 Los Vallecitos Blvd, Unit D",San Marcos,CA,92069,1100,1900,1100,1900,1100,1900,1100,1900,1100,1900,900,1800,1000,1700,11am - 7pm,9am - 6pm,10am - 5pm,442-515-3050,SanMarcos@purehockey.com
Pure Hockey #148,"15829 N. 83rd Ave., Suite 101",Peoria,AZ,85382,1300,2000,1300,2000,1300,2000,1300,2000,1300,2000,900,1800,900,1800,1pm - 8pm,9am - 6pm,9am - 6pm,623-412-3377,peoria@purehockey.com
Pure Hockey #147,8666E. Shea Blvd. Suite 150,Scottsdale,AZ,85260,1100,1900,1100,1900,1100,1900,1100,1900,1100,1900,900,1800,1000,1700,11am - 7pm,9am - 6pm,10am - 5pm,480-998-1260,scottsdale@purehockey.com
Pure Hockey #149,2305 E. Knox Rd,Gilbert,AZ,85296,1300,2000,1300,2000,1300,2000,1300,2000,1300,2000,900,1800,900,1800,1pm - 8pm,9am - 6pm,9am - 6pm,480-785-5941,gilbert@purehockey.com
Pure Hockey #37,"9979 Wadsworth Parkway, Suite 400",Westminster,CO,80021,1100,1900,1100,1900,1100,1900,1100,1900,1100,1900,900,1800,1000,1700,11am - 7pm,9am - 6pm,10am - 5pm,303-428-6709,westminster@purehockey.com
Pure Hockey #36,"2690 East County Line Road, Suite A",Littleton,CO,80126,1100,1900,1100,1900,1100,1900,1100,1900,1100,1900,900,1800,1000,1700,11am - 7pm,9am - 6pm,10am - 5pm,303-738-9784,littleton@purehockey.com
Pure Hockey #118,2956 E. Southlake Blvd. Unit 18A,Southlake,TX,76092,1100,1900,1100,1900,1100,1900,1100,1900,1100,1900,900,1800,1000,1700,11am - 7pm,9am - 6pm,10am - 5pm,817-993-5025,southlake@purehockey.com
Pure Hockey #94,8700 Preston Road #103,Plano,TX,75024,1100,1900,1100,1900,1100,1900,1100,1900,1100,1900,900,1800,1000,1700,11am - 7pm,9am - 6pm,10am - 5pm,972-704-1080,plano@purehockey.com
Pure Hockey #115,960 N. Federal Highway Suite A2,Pompano Beach,FL,33062,1100,1900,1100,1900,1100,1900,1100,1900,1100,1900,900,1800,1000,1700,11am - 7pm,9am - 6pm,10am - 5pm,754-307-1890,pompano@purehockey.com
Pure Hockey #102,25629 Sierra Center Boulevard,Lutz,FL,33559,1100,1900,1100,1900,1100,1900,1100,1900,1100,1900,900,1800,1000,1700,11am - 7pm,9am - 6pm,10am - 5pm,813-949-8633,tampa@purehockey.com
Pure Hockey #117,261 Indian Lake Blvd.,Hendersonville,TN,37075,1100,1900,1100,1900,1100,1900,1100,1900,1100,1900,900,1800,1000,1700,11am - 7pm,9am - 6pm,10am - 5pm,615-447-5456,hendersonville@purehockey.com
Pure Hockey #146,710 Holcomb Bridge Rd. Ste 100,Roswell,GA,30076,1100,1900,1100,1900,1100,1900,1100,1900,1100,1900,900,1800,1000,1700,11am - 7pm,9am - 6pm,10am - 5pm,770-992-8819,roswell@purehockey.com
Pure Hockey #138,111 Competition Ctr. Dr.,Morrisville,NC,27560,1300,2000,1300,2000,1300,2000,1300,2000,1300,2000,900,1800,900,1800,1pm - 8pm,9am - 6pm,9am - 6pm,919-646-5401,morrisville@purehockey.com
Pure Hockey #136,2108 Village Market Place,Morrisville,NC,27560,1100,1900,1100,1900,1100,1900,1100,1900,1100,1900,900,1800,1000,1700,11am - 7pm,9am - 6pm,10am - 5pm,919-481-4475,cary@purehockey.com
Pure Hockey #137,"1839 S. Main Street, Suite 120",Wake Forest,NC,27587,1300,2000,1300,2000,1300,2000,1300,2000,1300,2000,900,1800,900,1800,1pm - 8pm,9am - 6pm,9am - 6pm,919-453-1508,wakeforest@purehockey.com
Pure Hockey #55,1237 S. Kirkwood Road,Kirkwood,MO,63122,1100,1900,1100,1900,1100,1900,1100,1900,1100,1900,900,1800,1000,1700,11am - 7pm,9am - 6pm,10am - 5pm,314-835-9131,kirkwood@purehockey.com
Pure Hockey #54,254 THF Blvd.,Chesterfield,MO,63005,1100,1900,1100,1900,1100,1900,1100,1900,1100,1900,900,1800,1000,1700,11am - 7pm,9am - 6pm,10am - 5pm,636-537-4882,chesterfield@purehockey.com
Pure Hockey #103,"750 Casino Center Drive, Suite 600",Maryland Heights,MO,63043,1100,1900,1100,1900,1100,1900,1100,1900,1100,1900,900,1800,1000,1700,11am - 7pm,9am - 6pm,10am - 5pm,314-395-1726,marylandheights@purehockey.com
Pure Hockey #53,5833 Suemandy Drive,Saint Peters,MO,63376,1100,1900,1100,1900,1100,1900,1100,1900,1100,1900,900,1800,1000,1700,11am - 7pm,9am - 6pm,10am - 5pm,636-397-6370,saintpeters@purehockey.com
Pure Hockey #154,8020 Douglas Ave,Urbandale,IA,50322,1100,1900,1100,1900,1100,1900,1100,1900,1100,1900,900,1800,1000,1700,11am - 7pm,9am - 6pm,10am - 5pm,515-331-2659,urbandale@purehockey.com
Pure Hockey #158,360 32nd Ave. W,West Fargo,ND,58078,1100,1900,1100,1900,1100,1900,1100,1900,1100,1900,900,1800,1000,1700,11am - 7pm,9am - 6pm,10am - 5pm,701-532-0646,westfargo@purehockey.com
Pure Hockey #109,2541 Maple Grove Rd,Duluth,MN,55811,1100,1900,1100,1900,1100,1900,1100,1900,1100,1900,900,1800,1000,1700,11am - 7pm,9am - 6pm,10am - 5pm,218-727-3018,duluth@purehockey.com
Pure Hockey #139,724 3rd St South,Waite Park,MN,56387,1100,1900,1100,1900,1100,1900,1100,1900,1100,1900,900,1800,1000,1700,11am - 7pm,9am - 6pm,10am - 5pm,320-251-7012,waitepark@purehockey.com
Pure Hockey #98,"10130 Davenport St NE, Suite 200",Blaine,MN,55449,1100,1900,1100,1900,1100,1900,1100,1900,1100,1900,900,1800,1000,1700,11am - 7pm,9am - 6pm,10am - 5pm,763-780-1204,blaine@purehockey.com
Pure Hockey #71,1845 E. County Rd. D,Maplewood,MN,55109,1100,1900,1100,1900,1100,1900,1100,1900,1100,1900,900,1800,1000,1700,11am - 7pm,9am - 6pm,10am - 5pm,651-777-7410,maplewood@purehockey.com
Pure Hockey #72,14200 Wayzata Boulevard Suite Q,Minnetonka,MN,55305,1100,1900,1100,1900,1100,1900,1100,1900,1100,1900,900,1800,1000,1700,11am - 7pm,9am - 6pm,10am - 5pm,763-208-3494,minnetonka@purehockey.com
Pure Hockey #74,4210 West 78th Street,Edina,MN,55435,1100,1900,1100,1900,1100,1900,1100,1900,1100,1900,900,1800,1000,1700,11am - 7pm,9am - 6pm,10am - 5pm,952-831-0021,edina@purehockey.com
Bauer Hockey XP #97,758 American Blvd. W,Bloomington,MN,55420,1100,1900,1100,1900,1100,1900,1100,1900,1100,1900,900,1800,1000,1700,11am - 7pm,9am - 6pm,10am - 5pm,612-915-0790,bloomington@purehockey.com
Pure Hockey #73,"14150 Nicollet Ave South, Suite 18",Burnsville,MN,55337,1100,1900,1100,1900,1100,1900,1100,1900,1100,1900,900,1800,1000,1700,11am - 7pm,9am - 6pm,10am - 5pm,952-303-3594,burnsville@purehockey.com
Pure Hockey #108,7150 Valley Creek Plaza Unit 206,Woodbury,MN,55125,1100,1900,1100,1900,1100,1900,1100,1900,1100,1900,900,1800,1000,1700,11am - 7pm,9am - 6pm,10am - 5pm,651-493-8439,woodbury@purehockey.com
Pure Hockey #85,2355 West Broadway,Monona,WI,53713,1100,1900,1100,1900,1100,1900,1100,1900,1100,1900,900,1800,1000,1700,11am - 7pm,9am - 6pm,10am - 5pm,608-709-0040,monona@purehockey.com
Pure Hockey #101,11010 North Port Washington Rd,Mequon,WI,53092,1100,1900,1100,1900,1100,1900,1100,1900,1100,1900,900,1800,1000,1700,11am - 7pm,9am - 6pm,10am - 5pm,262-518-0685,mequon@purehockey.com
Pure Hockey #64,2751 Pfingsten Rd,Glenview,IL,60026,1100,1900,1100,1900,1100,1900,1100,1900,1100,1900,900,1800,1000,1700,11am - 7pm,9am - 6pm,10am - 5pm,847-272-8930,glenview@purehockey.com
Pure Hockey #62,170 Barrington Rd,Schaumburg,IL,60194,1100,1900,1100,1900,1100,1900,1100,1900,1100,1900,900,1800,1000,1700,11am - 7pm,9am - 6pm,10am - 5pm,847-798-9820,schaumburg@purehockey.com
Pure Hockey #116,606 Commons Drive,Geneva,IL,60134,1100,1900,1100,1900,1100,1900,1100,1900,1100,1900,900,1800,1000,1700,11am - 7pm,9am - 6pm,10am - 5pm,331-248-0803,geneva@purehockey.com
Pure Hockey #65,167 South Route 83,Elmhurst,IL,60126,1100,1900,1100,1900,1100,1900,1100,1900,1100,1900,900,1800,1000,1700,11am - 7pm,9am - 6pm,10am - 5pm,630-279-7221,elmhurst@purehockey.com
Pure Hockey #61,1230 West 75th Street,Downers Grove,IL,60516,1100,1900,1100,1900,1100,1900,1100,1900,1100,1900,900,1800,1000,1700,11am - 7pm,9am - 6pm,10am - 5pm,630-322-9850,downersgrove@purehockey.com
Pure Hockey #127,2007 E GREYHOUND PASS,Carmel,IN,46033,1100,1900,1100,1900,1100,1900,1100,1900,1100,1900,900,1800,1000,1700,11am - 7pm,9am - 6pm,10am - 5pm,317-669-2154,carmel@purehockey.com
Pure Hockey #128,2720 Sawmill Pl Blvd,Columbus,OH,43235,1100,1900,1100,1900,1100,1900,1100,1900,1100,1900,900,1800,1000,1700,11am - 7pm,9am - 6pm,10am - 5pm,614-389-0202,columbus@purehockey.com
Pure Hockey #129,6505 Mayfield Rd,Mayfield Heights,OH,44124,1100,1900,1100,1900,1100,1900,1100,1900,1100,1900,900,1800,1000,1700,11am - 7pm,9am - 6pm,10am - 5pm,440-459-1366,mayfieldheights@purehockey.com
Pure Hockey #41,43111 Crescent Blvd,Novi,MI,48375,1100,1900,1100,1900,1100,1900,1100,1900,1100,1900,900,1800,1000,1700,11am - 7pm,9am - 6pm,10am - 5pm,248-344-1061,novi@purehockey.com
Pure Hockey #42,686 East Big Beaver Road,Troy,MI,48083,1100,1900,1100,1900,1100,1900,1100,1900,1100,1900,900,1800,1000,1700,11am - 7pm,9am - 6pm,10am - 5pm,248-528-2003,troy1@purehockey.com
Pure Hockey #114,2588 Washington Rd.,Canonsburg,PA,15317,1100,1900,1100,1900,1100,1900,1100,1900,1100,1900,900,1800,1000,1700,11am - 7pm,9am - 6pm,10am - 5pm,724-745-5801,Canonsburg@purehockey.com
Pure Hockey #119,"3470 William Penn HWY, Suite 800",Monroeville,PA,15235,1100,1900,1100,1900,1100,1900,1100,1900,1100,1900,900,1800,1000,1700,11am - 7pm,9am - 6pm,10am - 5pm,412-564-5135,monroeville@purehockey.com
Pure Hockey #82,"20267 Route 19, Suite 2",Cranberry Township,PA,16066,1100,1900,1100,1900,1100,1900,1100,1900,1100,1900,900,1800,1000,1700,11am - 7pm,9am - 6pm,10am - 5pm,724-776-7500,cranberry@purehockey.com
Pure Hockey #31,127 West Lincoln Highway,Exton,PA,19341,1100,1900,1100,1900,1100,1900,1100,1900,1100,1900,900,1800,1000,1700,11am - 7pm,9am - 6pm,10am - 5pm,484-879-6764,exton@purehockey.com
Pure Hockey #32,782 Bethlehem Pike,North Wales,PA,19454,1100,1900,1100,1900,1100,1900,1100,1900,1100,1900,900,1800,1000,1700,11am - 7pm,9am - 6pm,10am - 5pm,215-855-8710,northwales@purehockey.com
Pure Hockey #133,6751-A Frontier Dr,Springfield,VA,22150,1100,1900,1100,1900,1100,1900,1100,1900,1100,1900,900,1800,1000,1700,11am - 7pm,9am - 6pm,10am - 5pm,571-347-7971,springfieldva@purehockey.com
Pure Hockey #92,"21031 Triple Seven Rd, Suite 100",Sterling,VA,20165,1100,1900,1100,1900,1100,1900,1100,1900,1100,1900,900,1800,1000,1700,11am - 7pm,9am - 6pm,10am - 5pm,571-434-7404,sterling@purehockey.com
Pure Hockey #91,815 Rockville Pike,Rockville,MD,20852,1100,1900,1100,1900,1100,1900,1100,1900,1100,1900,900,1800,1000,1700,11am - 7pm,9am - 6pm,10am - 5pm,301-444-4800,rockville@purehockey.com
Pure Hockey #79,"2100 Route 38, Suite 6",Cherry Hill,NJ,0 8002,1100,1900,1100,1900,1100,1900,1100,1900,1100,1900,900,1800,1000,1700,11am - 7pm,9am - 6pm,10am - 5pm,856-324-6617,cherryhill@purehockey.com
Pure Hockey #68,343 Route 46 West,Fairfield,NJ,0 7004,1100,1900,1100,1900,1100,1900,1100,1900,1100,1900,900,1800,1000,1700,11am - 7pm,9am - 6pm,10am - 5pm,973-287-6720,fairfield@purehockey.com
Pure Hockey #125,2480 Route 22 East,Kenilworth,NJ,0 7033,1100,1900,1100,1900,1100,1900,1100,1900,1100,1900,900,1800,1000,1700,11am - 7pm,9am - 6pm,10am - 5pm,908-349-8804,kenilworth@purehockey.com
Pure Hockey #69,"3540 McKinley Pkwy, Unit 8A",Hamburg,NY,14219,1100,1900,1100,1900,1100,1900,1100,1900,1100,1900,900,1800,1000,1700,11am - 7pm,9am - 6pm,10am - 5pm,716-989-0881,buffalo@purehockey.com
Pure Hockey #70,3265 Sheridan Drive,Amherst,NY,14226,1100,1900,1100,1900,1100,1900,1100,1900,1100,1900,900,1800,1000,1700,11am - 7pm,9am - 6pm,10am - 5pm,716-551-0594,amherst@purehockey.com
Pure Hockey #75,1000 Hylan Drive,Rochester,NY,14623,1100,1900,1100,1900,1100,1900,1100,1900,1100,1900,900,1800,1000,1700,11am - 7pm,9am - 6pm,10am - 5pm,585-978-7352,rochester@purehockey.com
Pure Hockey #78,"54 Crossing Blvd., Suite #13",Clifton Park,NY,12065,1100,1900,1100,1900,1100,1900,1100,1900,1100,1900,900,1800,1000,1700,11am - 7pm,9am - 6pm,10am - 5pm,518-621-4775,CliftonPark@purehockey.com
Pure Hockey #67,231 Glen Cove Rd,Carle Place,NY,11514,1100,1900,1100,1900,1100,1900,1100,1900,1100,1900,900,1800,1000,1700,11am - 7pm,9am - 6pm,10am - 5pm,516-742-0471,carleplace@purehockey.com
Pure Hockey #19,134 E. Main Street Suite #6,Smithtown,NY,11787,1100,1900,1100,1900,1100,1900,1100,1900,1100,1900,900,1800,1000,1700,11am - 7pm,9am - 6pm,10am - 5pm,631-982-9440,smithtown@purehockey.com
Pure Hockey #49,310 Main St,New Rochelle,NY,10801,1100,1900,1100,1900,1100,1900,1100,1900,1100,1900,900,1800,1000,1700,11am - 7pm,9am - 6pm,10am - 5pm,914-278-9210,newrochelle@purehockey.com
Pure Hockey #48,44 Commerce Rd,Stamford,CT,0 6902,1100,1900,1100,1900,1100,1900,1100,1900,1100,1900,900,1800,1000,1700,11am - 7pm,9am - 6pm,10am - 5pm,203-956-0387,stamford@purehockey.com
Pure Hockey #106,1557 New Britain Ave,West Hartford,CT,0 6110,1100,1900,1100,1900,1100,1900,1100,1900,1100,1900,900,1800,1000,1700,11am - 7pm,9am - 6pm,10am - 5pm,959-206-2573,farmington@purehockey.com
Pure Hockey #28,1800 Post Road,Warwick,RI,0 2886,1100,1900,1100,1900,1100,1900,1100,1900,1100,1900,900,1800,1000,1700,11am - 7pm,9am - 6pm,10am - 5pm,401-732-3914,warwick@purehockey.com
Pure Hockey #77,1464 Riverdale St.,West Springfield,MA,0 1089,1100,1900,1100,1900,1100,1900,1100,1900,1100,1900,900,1800,1000,1700,11am - 7pm,9am - 6pm,10am - 5pm,413-455-1800,springfield@purehockey.com
Pure Hockey #29,739 Donald Lynch Blvd,Marlborough,MA,0 1752,1100,1900,1100,1900,1100,1900,1100,1900,1100,1900,900,1800,1000,1700,11am - 7pm,9am - 6pm,10am - 5pm,508-460-0306,marlborough@purehockey.com
Pure Hockey #27,187 Summer Street,Kingston,MA,0 2364,1100,1900,1100,1900,1100,1900,1100,1900,1100,1900,900,1800,1000,1700,11am - 7pm,9am - 6pm,10am - 5pm,781-582-1329,kingston@purehockey.com
Pure Hockey #24,220 Wood Road,Braintree,MA,0 2184,1100,1900,1100,1900,1100,1900,1100,1900,1100,1900,900,1800,1000,1700,11am - 7pm,9am - 6pm,10am - 5pm,781-794-2910,braintree@purehockey.com
Pure Hockey #40,1299 Highland Avenue,Needham,MA,0 2492,1100,1900,1100,1900,1100,1900,1100,1900,1100,1900,900,1800,1000,1700,11am - 7pm,9am - 6pm,10am - 5pm,781-444-5356,needham@purehockey.com
Pure Hockey #34,70 Salem Street,Medford,MA,0 2155,1100,1900,1100,1900,1100,1900,1100,1900,1100,1900,900,1800,1000,1700,11am - 7pm,9am - 6pm,10am - 5pm,781-306-0278,Medfordsquare@purehockey.com
Pure Hockey #30,"6 Wayside Rd., Unit 6A-1",Burlington,MA,0 1803,1100,1900,1100,1900,1100,1900,1100,1900,1100,1900,900,1800,1000,1700,11am - 7pm,9am - 6pm,10am - 5pm,781-365-1664,burlington@purehockey.com
Pure Hockey #33,"139 Endicott Street, Unit B-2",Danvers,MA,0 1923,1100,1900,1100,1900,1100,1900,1100,1900,1100,1900,900,1800,1000,1700,11am - 7pm,9am - 6pm,10am - 5pm,978-750-6030,danvers@purehockey.com
Pure Hockey #45,"375 Amherst St Somerset Plaza, Unit 2",Nashua,NH,0 3063,1100,1900,1100,1900,1100,1900,1100,1900,1100,1900,900,1800,1000,1700,11am - 7pm,9am - 6pm,10am - 5pm,603-598-9008,nashua@purehockey.com
Pure Hockey #44,1600 Woodbury Ave,Portsmouth,NH,0 3801,1100,1900,1100,1900,1100,1900,1100,1900,1100,1900,900,1800,1000,1700,11am - 7pm,9am - 6pm,10am - 5pm,603-740-9804,portsmouth@purehockey.com